sequence,Kd_estimate,dataset(s),error(obs),error (est),number of samples,alpha,xcorr
AEDKRL,173.172815,864-lib,16.239098,101.722926,3.000000,0.830713,1.487000
AEDKRV,154.781184,864-lib,77.895907,52.863172,4.000000,0.814333,1.477000
AEDKWL,15.352004,864-lib,27.708748,0.584371,9.000000,0.303148,1.690000
AEDKWV,78.416719,864-lib,123.133661,13.607323,11.000000,0.689640,1.575000
AEDKYL,20.983182,864-lib,27.473249,1.511743,11.000000,0.372881,1.421000
AEDKYV,77.989536,864-lib,80.120602,13.501614,16.000000,0.688470,1.347000
AEDNRL,30.478740,864-lib,30.792125,5.994420,8.000000,0.463423,1.515000
AEDNWL,30.840775,864-lib,77.571336,5.428230,4.000000,0.466360,1.913000
AEDNWV,51.555741,864-lib,80.012715,10.992467,3.000000,0.593647,1.095000
AEDTWL,32.636245,864-lib,84.454130,13.552546,2.000000,0.480466,1.821000
AEGKWL,56.262999,864-lib,13.628851,3.724171,5.000000,0.614540,1.490000
AEGKYL,56.539298,864-lib,60.702086,9.832717,15.000000,0.615700,1.114000
AEGKYV,143.613013,864-lib,38.807610,40.935153,6.000000,0.802742,1.416000
AEGTRL,35.096442,864-lib,27.934088,11.979567,2.000000,0.498625,1.480000
AEGTWL,75.988081,864-lib,0.000000,28.859299,1.000000,0.682867,1.793000
AEGTWV,109.146805,864-lib,0.000000,43.654416,1.000000,0.755672,1.440000
AEMKRL,360.880256,864-lib,0.000000,321.464513,1.000000,0.910922,1.066000
AEMKWL,40.483220,864-lib,14.862355,4.953317,7.000000,0.534268,1.455000
AEMKWV,87.306017,864-lib,27.515339,10.420455,10.000000,0.712144,1.411000
AEMKYL,61.114097,864-lib,36.917242,7.291614,9.000000,0.633937,1.525000
AEMKYV,76.092586,864-lib,21.341817,13.742572,16.000000,0.683164,1.389000
AEMNRL,97.562233,864-lib,0.000000,32.453098,1.000000,0.734367,1.539000
AEMNRV,276.753141,864-lib,0.000000,235.238995,1.000000,0.886907,1.446000
AEMNWL,34.258683,864-lib,41.903684,6.771338,5.000000,0.492586,1.865000
AEMNWV,106.222830,864-lib,31.873604,60.208896,2.000000,0.750623,1.846000
AEMNYL,160.935497,864-lib,0.000000,104.761513,1.000000,0.820156,1.409000
AEMTRL,16.612756,864-lib,0.000000,1.709881,1.000000,0.320075,1.379000
AEMTWL,15.564373,864-lib,1.718639,5.370348,2.000000,0.306058,2.001000
AEMTWV,141.707284,864-lib,0.000000,101.047912,1.000000,0.800618,1.410000
AFDKRL,54.728179,864-lib,61.093232,9.427158,10.000000,0.607968,1.315000
AFDKRV,123.643515,864-lib,82.134033,39.817851,7.000000,0.777957,1.005000
AFDKWL,13.742063,864-lib,19.409665,1.079376,15.000000,0.280267,1.665000
AFDKWV,61.335497,864-lib,29.807954,9.820630,10.000000,0.634775,1.941000
AFDKYL,21.530734,864-lib,49.823073,2.034748,7.000000,0.378924,1.653000
AFDKYV,72.709454,864-lib,36.654204,8.244905,12.000000,0.673239,1.665000
AFDNRL,42.565319,864-lib,50.297577,6.261686,11.000000,0.546723,1.744000
AFDNRV,180.957727,864-lib,20.240310,48.280449,3.000000,0.836808,1.719000
AFDNWL,29.500763,864-lib,0.000000,9.040065,1.000000,0.455324,1.478000
AFDNWV,97.099063,864-lib,16.429396,38.752536,3.000000,0.733437,1.965000
AFDNYL,16.060489,864-lib,21.185905,3.067007,3.000000,0.312762,1.372000
AFDTRL,4.438905,864-lib,1.988627,0.378664,3.000000,0.111730,1.584000
AFDTRV,17.465663,864-lib,4.020499,2.548526,3.000000,0.331067,1.400000
AFDTWL,26.506946,864-lib,29.790659,38.565305,2.000000,0.428936,0.821000
AFDTWV,5.196909,864-lib,1.307900,1.023792,2.000000,0.128360,1.977000
AFDTYL,11.805517,864-lib,0.000000,3.270391,1.000000,0.250672,2.069000
AFGKRL,152.917760,864-lib,14.223472,46.243645,3.000000,0.812494,1.118000
AFGKRV,112.159478,864-lib,62.403927,33.308665,4.000000,0.760664,1.117000
AFGKWL,47.985471,864-lib,37.034261,5.067920,3.000000,0.576226,1.647000
AFGKWV,49.870253,864-lib,65.540308,6.157335,4.000000,0.585605,1.263000
AFGKYL,49.966086,864-lib,38.024145,5.653769,2.000000,0.586071,1.367000
AFGKYV,74.083145,864-lib,24.814391,13.321268,9.000000,0.677343,1.715000
AFGNRL,105.727247,864-lib,68.709637,32.256947,5.000000,0.749747,1.571000
AFGNRV,124.445792,864-lib,27.985882,30.483105,3.000000,0.779073,1.684000
AFGNWL,59.625767,864-lib,0.000000,23.388875,1.000000,0.628197,1.879000
AFGNYL,155.624734,864-lib,0.000000,133.776111,1.000000,0.815153,0.982000
AFGTRL,11.186097,864-lib,3.177171,1.316475,3.000000,0.240685,1.560000
AFGTRV,252.160111,864-lib,34.656882,143.509354,2.000000,0.877231,1.603000
AFGTWL,30.893817,864-lib,0.000000,24.786005,1.000000,0.466788,1.290000
AFGTWV,56.070592,864-lib,25.539904,28.944894,2.000000,0.613728,1.720000
AFMKRL,59.963794,864-lib,11.924734,14.175192,5.000000,0.629516,1.240000
AFMKRV,84.950473,864-lib,14.306811,15.716836,3.000000,0.706505,1.606000
AFMKWL,32.007448,864-lib,9.621282,3.821137,6.000000,0.475612,1.795000
AFMKWV,38.961461,864-lib,11.046056,4.343661,5.000000,0.524723,1.870000
AFMKYL,37.783137,864-lib,26.738319,2.316711,5.000000,0.517059,1.907000
AFMKYV,114.855946,864-lib,5.473378,30.031478,3.000000,0.764962,1.918000
AFMNRL,42.674217,864-lib,43.396700,6.728969,4.000000,0.547356,1.623000
AFMNRV,57.699472,864-lib,48.955190,11.415298,6.000000,0.620495,1.410000
AFMNWL,45.551454,864-lib,0.219122,26.994330,2.000000,0.563467,1.491000
AFMNYL,40.133620,864-lib,5.143858,12.215312,2.000000,0.532109,2.014000
AFMTRL,3.121399,864-lib,0.155971,0.332611,3.000000,0.081262,1.967000
AFMTRV,29.679016,864-lib,15.097299,4.311076,2.000000,0.456818,1.577000
AFMTWV,51.101830,864-lib,0.000000,28.671368,1.000000,0.591512,1.340000
AFMTYL,11.662514,864-lib,1.539650,4.119831,2.000000,0.248390,2.050000
AFMTYV,100.920498,864-lib,0.000000,57.941883,1.000000,0.740916,1.883000
APDKRL,233.378337,864-lib,72.110273,175.023275,3.000000,0.868648,1.803000
APDKRV,146.934505,864-lib,0.000000,47.025186,1.000000,0.806338,1.738000
APDKWL,65.618567,864-lib,40.164256,9.328468,6.000000,0.650277,1.527000
APDKWV,109.439881,864-lib,43.723881,18.316666,5.000000,0.756166,1.779000
APDKYL,79.735002,864-lib,84.493842,13.613619,6.000000,0.693197,1.707000
APDKYV,87.545775,864-lib,71.828007,15.767366,8.000000,0.712706,1.208000
APDNRL,90.368633,864-lib,77.691619,44.193252,3.000000,0.719160,1.465000
APDNWV,64.035260,864-lib,71.274528,10.930204,3.000000,0.644703,0.665000
APDTRL,29.247880,864-lib,65.051434,5.722286,3.000000,0.453189,1.714000
APDTWL,28.094749,864-lib,14.293541,6.492818,3.000000,0.443241,1.704000
APGKRL,244.905074,864-lib,0.000000,131.129646,1.000000,0.874052,1.087000
APGKWL,107.721435,864-lib,13.290861,21.053704,2.000000,0.753237,1.406000
APGKWV,127.737420,864-lib,36.484277,37.027642,5.000000,0.783533,1.312000
APGKYL,95.455970,864-lib,44.328319,18.816956,5.000000,0.730087,1.291000
APGKYV,139.220707,864-lib,55.457854,39.490182,3.000000,0.797777,1.576000
APGNRL,159.709517,864-lib,0.000000,131.374559,1.000000,0.819025,0.931000
APGTRL,17.205602,864-lib,5.345451,2.573975,2.000000,0.327753,1.448000
APMKRL,127.637691,864-lib,53.472115,43.191475,3.000000,0.783401,1.322000
APMKRV,203.416007,864-lib,0.000000,117.821950,1.000000,0.852161,0.656000
APMKWL,88.891910,864-lib,0.000000,16.064572,1.000000,0.715820,1.674000
APMKWV,152.437505,864-lib,1.268140,34.220738,3.000000,0.812015,1.708000
APMKYL,96.331172,864-lib,21.612171,15.191889,3.000000,0.731882,1.840000
APMKYV,123.592673,864-lib,19.545128,30.098494,3.000000,0.777886,1.407000
APMNRL,105.934760,864-lib,21.210478,32.596048,3.000000,0.750115,1.532000
APMNWL,99.386527,864-lib,29.735850,39.076840,3.000000,0.737965,1.833000
APMTYL,94.746868,864-lib,0.000000,27.558035,1.000000,0.728615,1.845000
AQDKRL,93.753012,864-lib,56.271847,15.963781,2.000000,0.726525,1.581000
AQDKRV,194.614810,864-lib,25.050553,108.950517,2.000000,0.846502,1.501000
AQDKWL,29.791356,864-lib,38.914483,1.376425,12.000000,0.457756,1.474000
AQDKWV,116.350689,864-lib,118.038150,21.677790,6.000000,0.767279,1.849000
AQDKYL,37.912883,864-lib,1.369970,4.698890,5.000000,0.517915,1.688000
AQDKYV,130.895415,864-lib,110.953338,44.494086,7.000000,0.787647,1.086000
AQDNRL,48.396348,864-lib,13.180841,16.280781,6.000000,0.578306,0.911000
AQDNWL,19.336710,864-lib,55.037927,4.656079,5.000000,0.353979,0.910000
AQDNYL,70.097571,864-lib,154.350757,39.955392,2.000000,0.665141,1.198000
AQDTWL,50.066130,864-lib,8.357271,9.358887,2.000000,0.586556,1.865000
AQGKWL,54.522663,864-lib,31.101339,8.893076,11.000000,0.607071,1.507000
AQGKWV,132.161946,864-lib,66.614322,37.681219,3.000000,0.789253,1.526000
AQGKYL,93.871768,864-lib,38.361460,13.511386,7.000000,0.726777,1.544000
AQGKYV,154.226007,864-lib,43.799484,51.589296,3.000000,0.813789,1.487000
AQMKRL,137.067194,864-lib,0.000000,38.996934,1.000000,0.795251,1.350000
AQMKWL,56.534722,864-lib,7.845387,10.910397,2.000000,0.615681,1.747000
AQMKWV,19.795391,864-lib,20.091551,2.785173,4.000000,0.359358,0.906000
AQMKYL,64.467770,864-lib,15.312830,11.284576,5.000000,0.646243,1.608000
AQMKYV,41.625887,864-lib,8.699922,6.052061,7.000000,0.541187,1.493000
AQMNWL,24.355198,864-lib,9.830262,3.902394,4.000000,0.408335,2.109000
AQMNYV,96.304871,864-lib,86.904477,46.471355,3.000000,0.731828,0.708000
AQMTRL,29.240633,864-lib,18.013915,5.098898,3.000000,0.453128,0.790000
HEDKRL,157.781214,864-lib,24.369387,118.113288,2.000000,0.817218,1.465000
HEDKWL,21.552185,864-lib,8.497150,1.978173,5.000000,0.379158,2.383000
HEDKWV,148.082172,864-lib,37.040634,47.147342,7.000000,0.807550,2.302000
HEDKYL,47.334046,864-lib,44.753740,7.998580,5.000000,0.572885,2.368000
HEDKYV,147.338889,864-lib,0.000000,105.926276,1.000000,0.806767,1.722000
HEDNRL,84.059923,864-lib,3.393329,47.153954,3.000000,0.704315,1.101000
HEDNWL,15.321468,864-lib,2.654028,1.967255,5.000000,0.302727,1.840000
HEDNWV,107.089713,864-lib,0.000000,25.366034,1.000000,0.752142,1.667000
HEDNYL,36.852034,864-lib,9.929970,7.979926,2.000000,0.510826,1.897000
HEDTWL,11.347600,864-lib,19.246046,2.443394,7.000000,0.243314,1.796000
HEDTWV,24.298153,864-lib,13.161766,3.988420,3.000000,0.407768,1.907000
HEGKRL,170.729835,864-lib,0.000000,108.487671,1.000000,0.828706,1.757000
HEGKRV,204.448930,864-lib,0.000000,156.035669,1.000000,0.852798,1.155000
HEGKWL,65.373082,864-lib,11.814743,12.497642,6.000000,0.649425,2.372000
HEGKWV,223.986812,864-lib,65.946218,117.812399,3.000000,0.863891,2.200000
HEGKYL,78.392207,864-lib,86.747914,16.381476,4.000000,0.689573,2.359000
HEGKYV,99.975019,864-lib,30.436654,34.079049,3.000000,0.739105,2.615000
HEGNWL,36.754771,864-lib,68.875692,5.141942,6.000000,0.510166,1.448000
HEGNWV,352.002193,864-lib,0.000000,313.194906,1.000000,0.908880,1.080000
HEGNYL,152.794415,864-lib,0.000000,177.629432,1.000000,0.812371,1.015000
HEGNYV,61.403996,864-lib,4.707650,25.902039,2.000000,0.635034,1.138000
HEGTWL,19.794539,864-lib,37.658959,3.533579,4.000000,0.359348,1.657000
HEGTWV,48.017168,864-lib,0.000000,26.888529,1.000000,0.576387,1.813000
HEMKRL,143.016517,864-lib,0.000000,58.892453,1.000000,0.802082,2.383000
HEMKRV,147.486693,864-lib,0.000000,55.300207,1.000000,0.806923,1.798000
HEMKWL,47.510871,864-lib,29.539704,5.897593,3.000000,0.573797,2.715000
HEMKWV,57.548062,864-lib,40.123929,8.861840,3.000000,0.619876,2.553000
HEMKYL,77.108062,864-lib,45.316333,31.245700,3.000000,0.686027,2.383000
HEMKYV,209.165669,864-lib,41.819478,128.737938,4.000000,0.855638,2.418000
HEMNRL,154.743406,864-lib,0.000000,124.835645,1.000000,0.814296,1.032000
HEMNWL,26.779372,864-lib,2.758112,5.538800,2.000000,0.431443,1.773000
HEMNWV,127.479189,864-lib,0.000000,62.564269,1.000000,0.783190,1.821000
HEMNYL,122.711129,864-lib,0.000000,58.153066,1.000000,0.776647,1.830000
HEMTRL,52.740096,864-lib,16.783262,48.260835,2.000000,0.599114,1.145000
HEMTWL,9.119426,864-lib,29.609169,1.385771,3.000000,0.205349,1.836000
HEMTWV,24.807542,864-lib,12.223022,4.973946,2.000000,0.412788,1.821000
HEMTYL,59.258531,864-lib,0.000000,47.150056,1.000000,0.626753,1.856000
HFDKRL,74.200067,864-lib,27.607134,13.131559,3.000000,0.677688,2.041000
HFDKRV,217.127289,864-lib,41.089029,81.130727,2.000000,0.860192,1.768000
HFDKWL,25.104134,864-lib,1.150282,2.399632,3.000000,0.415672,2.441000
HFDKWV,79.511076,864-lib,43.412975,15.802679,12.000000,0.692599,2.387000
HFDKYL,33.257944,864-lib,20.488834,4.922177,6.000000,0.485178,2.710000
HFDKYV,101.115741,864-lib,27.308228,23.326532,4.000000,0.741287,1.756000
HFDNRV,255.135165,864-lib,0.000000,216.632393,1.000000,0.878488,1.357000
HFDNWL,20.662699,864-lib,6.292214,3.407394,3.000000,0.369289,1.684000
HFDNWV,77.367231,864-lib,100.746687,14.130564,3.000000,0.686749,1.749000
HFDNYL,42.822514,864-lib,9.932723,14.761706,3.000000,0.548216,1.790000
HFDNYV,135.864292,864-lib,81.881067,72.414189,2.000000,0.793812,1.759000
HFDTRL,7.424618,864-lib,0.595993,0.880306,3.000000,0.173819,1.601000
HFDTRV,27.918805,864-lib,6.903802,5.069659,2.000000,0.441692,1.542000
HFDTWL,2.848469,864-lib,1.954905,0.622485,3.000000,0.074688,1.708000
HFDTWV,13.557673,864-lib,0.298514,2.740604,2.000000,0.277550,1.735000
HFDTYL,6.629017,864-lib,5.383817,0.821545,3.000000,0.158139,1.867000
HFDTYV,22.324535,864-lib,24.771166,10.331139,3.000000,0.387481,1.838000
HFGKRL,109.679816,864-lib,14.815112,28.953685,3.000000,0.756570,1.498000
HFGKRV,123.869199,864-lib,36.599717,26.471179,4.000000,0.778272,1.597000
HFGKWL,74.007996,864-lib,12.803339,11.535893,2.000000,0.677121,2.406000
HFGKWV,117.587366,864-lib,26.146375,43.074378,4.000000,0.769161,2.439000
HFGKYL,128.086546,864-lib,21.627869,48.900375,2.000000,0.783996,2.840000
HFGKYV,132.311749,864-lib,84.433745,115.195704,3.000000,0.789441,2.432000
HFGNRL,97.799873,864-lib,0.000000,24.032558,1.000000,0.734841,1.244000
HFGNWL,48.910766,864-lib,41.605052,7.838632,3.000000,0.580883,1.720000
HFGNWV,164.778559,864-lib,36.636488,83.950983,3.000000,0.823610,1.946000
HFGNYL,98.832753,864-lib,41.412318,84.842193,3.000000,0.736883,1.740000
HFGTRL,18.045466,864-lib,0.000000,2.911797,1.000000,0.338339,1.418000
HFGTWL,5.862318,864-lib,0.847429,0.928545,3.000000,0.142454,1.739000
HFGTWV,38.081338,864-lib,20.384040,10.373975,4.000000,0.519022,1.711000
HFMKRL,80.618012,864-lib,18.752990,25.720911,3.000000,0.695534,1.670000
HFMKRV,108.363059,864-lib,57.725206,32.869776,2.000000,0.754339,1.705000
HFMKWL,48.380318,864-lib,1.499014,10.373482,3.000000,0.578226,2.582000
HFMKWV,73.105798,864-lib,0.000000,13.668724,1.000000,0.674434,2.426000
HFMKYL,70.222493,864-lib,43.244117,28.240107,2.000000,0.665537,2.423000
HFMKYV,84.475345,864-lib,28.714867,43.728834,3.000000,0.705340,2.556000
HFMNRL,59.143764,864-lib,0.624154,9.018617,2.000000,0.626299,1.526000
HFMNWV,80.724432,864-lib,28.053573,21.718586,2.000000,0.695814,1.671000
HFMNYL,46.227251,864-lib,86.557155,11.347496,2.000000,0.567085,2.084000
HFMTRL,55.123130,864-lib,23.315166,27.808747,2.000000,0.609681,1.174000
HFMTWL,3.819650,864-lib,11.967318,1.045436,2.000000,0.097665,1.730000
HFMTWV,34.920861,864-lib,24.861119,8.037495,2.000000,0.497371,1.766000
HFMTYL,9.816044,864-lib,0.742473,2.231535,2.000000,0.217621,1.856000
HFMTYV,104.488861,864-lib,0.000000,129.704211,1.000000,0.747530,1.829000
HPDKRV,170.998333,864-lib,0.000000,91.820309,1.000000,0.828929,1.331000
HPDKWL,108.261458,864-lib,35.091196,25.763182,4.000000,0.754165,2.419000
HPDKWV,229.850609,864-lib,120.096860,103.505451,2.000000,0.866901,2.585000
HPDKYL,130.422556,864-lib,58.991689,38.036839,5.000000,0.787041,1.527000
HPDNWL,96.555172,864-lib,51.528062,22.847855,4.000000,0.732338,1.608000
HPDNWV,250.518111,864-lib,0.000000,151.289040,1.000000,0.876526,1.641000
HPDNYL,104.633371,864-lib,0.000000,64.132062,1.000000,0.747791,1.530000
HPDTRL,35.489240,864-lib,55.063869,11.618286,2.000000,0.501407,0.939000
HPDTWL,16.786290,864-lib,22.345409,2.657964,7.000000,0.322340,1.357000
HPGKWL,86.918461,864-lib,82.761808,26.953484,4.000000,0.711231,1.907000
HPGKWV,224.519287,864-lib,120.433641,107.917363,2.000000,0.864170,1.991000
HPGKYL,153.066933,864-lib,185.218979,63.936534,2.000000,0.812643,2.042000
HPGNWL,13.306290,864-lib,38.099822,1.702715,4.000000,0.273813,1.412000
HPGTWL,39.715290,864-lib,1.335241,9.655755,2.000000,0.529500,1.734000
HPGTWV,97.496662,864-lib,4.240770,40.087512,2.000000,0.734235,1.778000
HPMKRL,83.703174,864-lib,88.153090,15.689668,3.000000,0.703428,1.684000
HPMKWL,95.748082,864-lib,20.074796,28.443272,3.000000,0.730689,2.154000
HPMKWV,97.928285,864-lib,44.631638,22.355585,3.000000,0.735096,1.600000
HPMKYL,99.885093,864-lib,56.733229,53.459083,3.000000,0.738931,2.596000
HPMKYV,104.186152,864-lib,74.392724,40.830379,2.000000,0.746982,1.464000
HPMNRL,214.586452,864-lib,0.000000,145.021722,1.000000,0.858770,1.281000
HPMNWL,68.416614,864-lib,76.429824,17.638555,2.000000,0.659713,1.552000
HPMTWL,12.747089,864-lib,9.702860,4.279511,2.000000,0.265359,1.733000
HPMTWV,126.089901,864-lib,1.072118,68.728793,2.000000,0.781323,1.812000
HPMTYV,61.321204,864-lib,0.000000,20.234413,1.000000,0.634721,1.052000
HQDKWL,37.805428,864-lib,4.267698,5.498293,3.000000,0.517206,1.764000
HQDKWV,106.971390,864-lib,51.080209,33.496401,4.000000,0.751936,2.193000
HQDKYL,55.007584,864-lib,37.070878,15.900675,4.000000,0.609181,2.151000
HQDNRL,71.940613,864-lib,0.000000,38.813239,1.000000,0.670896,1.195000
HQDNWL,21.574055,864-lib,37.875858,3.181210,2.000000,0.379397,1.442000
HQDNYL,75.580387,864-lib,0.000000,25.694026,1.000000,0.681700,1.801000
HQDTWL,33.370808,864-lib,37.572930,8.724785,5.000000,0.486024,1.852000
HQDTWV,132.610034,864-lib,0.000000,83.936642,1.000000,0.789815,0.917000
HQDTYL,50.706429,864-lib,123.243342,35.192751,2.000000,0.589634,1.765000
HQGKRL,222.289414,864-lib,20.367067,174.039533,2.000000,0.862994,1.498000
HQGKWL,80.808006,864-lib,10.245846,17.975183,3.000000,0.696033,1.424000
HQGKWV,164.004471,864-lib,59.235621,74.403892,2.000000,0.822925,3.122000
HQGNWL,38.679392,864-lib,165.296840,6.153714,4.000000,0.522911,1.292000
HQGTWL,71.864510,864-lib,0.000000,25.319431,1.000000,0.670662,1.717000
HQMKRL,122.863584,864-lib,18.578115,42.530373,2.000000,0.776862,1.420000
HQMKRV,207.675011,864-lib,0.000000,207.465335,1.000000,0.854753,1.464000
HQMKWL,82.795916,864-lib,12.030979,23.563413,4.000000,0.701150,2.837000
HQMKWV,41.280967,864-lib,38.920387,6.937110,2.000000,0.539120,2.075000
HQMKYL,83.495378,864-lib,7.909888,29.603928,2.000000,0.702910,2.755000
HQMKYV,116.749630,864-lib,0.000000,86.261341,1.000000,0.767889,1.968000
HQMNWL,82.318814,864-lib,90.339677,43.635438,2.000000,0.699937,2.058000
HQMNWV,93.207531,864-lib,0.000000,64.190042,1.000000,0.725364,1.170000
HQMNYL,270.932071,864-lib,0.000000,237.016341,1.000000,0.884757,1.237000
HQMTWL,26.559045,864-lib,7.375235,5.895277,2.000000,0.429417,1.805000
IEDKRL,149.993980,864-lib,0.000000,101.446999,1.000000,0.809536,0.879000
IEDKRV,348.625987,864-lib,0.000000,364.673979,1.000000,0.908079,1.062000
IEDKWL,16.321776,864-lib,5.393625,1.388676,3.000000,0.316241,1.673000
IEDKWV,69.120337,864-lib,56.153339,16.736997,3.000000,0.662007,1.357000
IEDKYL,37.516589,864-lib,0.000000,4.360952,1.000000,0.515291,1.623000
IEDKYV,88.947883,864-lib,0.000000,17.468984,1.000000,0.715948,1.493000
IEDNRL,58.270696,864-lib,6.913653,15.083332,2.000000,0.622812,1.290000
IEGKWL,40.185032,864-lib,21.454029,4.640637,3.000000,0.532428,1.645000
IEGKWV,137.136788,864-lib,151.079495,35.960659,3.000000,0.795333,1.660000
IEGKYL,95.481437,864-lib,14.655670,34.355415,3.000000,0.730140,1.554000
IEMKWL,47.202722,864-lib,12.594772,6.576985,3.000000,0.572205,1.886000
IEMKWV,105.533079,864-lib,26.493875,21.295680,3.000000,0.749402,1.638000
IEMKYL,51.608164,864-lib,4.475572,6.554080,3.000000,0.593892,1.296000
IEMKYV,108.412551,864-lib,0.000000,29.333333,1.000000,0.754423,1.573000
IEMNRL,63.468336,864-lib,5.722401,12.838856,3.000000,0.642663,1.514000
IEMNWL,37.610265,864-lib,10.904360,19.657288,2.000000,0.515914,1.980000
IFDKRL,64.440547,864-lib,11.425305,15.568510,2.000000,0.646147,2.349000
IFDKRV,103.828783,864-lib,26.085759,48.251518,3.000000,0.746332,1.617000
IFDKWL,33.879362,864-lib,6.288367,5.926384,3.000000,0.489803,1.845000
IFDKWV,73.692319,864-lib,121.408501,12.706405,2.000000,0.676186,1.749000
IFDKYL,36.437954,864-lib,2.008802,4.375489,3.000000,0.508002,1.738000
IFDKYV,78.667457,864-lib,60.013860,12.966781,3.000000,0.690323,1.798000
IFDNRL,37.527406,864-lib,8.649011,5.639906,2.000000,0.515363,1.792000
IFDNYL,52.724285,864-lib,0.000000,27.131705,1.000000,0.599042,1.496000
IFDTRV,44.374782,864-lib,1.908051,13.120290,2.000000,0.557019,1.490000
IFGKRV,149.387302,864-lib,8.843121,68.791289,2.000000,0.808910,1.196000
IFGKWL,64.231375,864-lib,0.000000,15.270230,1.000000,0.645403,1.822000
IFGKWV,90.747372,864-lib,53.819309,21.153853,3.000000,0.720004,1.284000
IFGKYL,71.869947,864-lib,15.958471,21.765655,3.000000,0.670679,1.555000
IFGKYV,130.059222,864-lib,26.107913,41.153512,3.000000,0.786573,1.512000
IFGNRL,97.776557,864-lib,0.000000,28.314633,1.000000,0.734794,1.522000
IFGNRV,394.561953,864-lib,0.000000,362.216899,1.000000,0.917902,1.681000
IFGNWV,161.014387,864-lib,0.000000,172.366304,1.000000,0.820228,1.357000
IFMKRL,56.772398,864-lib,2.159524,11.868509,2.000000,0.616673,1.417000
IFMKWL,57.140231,864-lib,0.000000,58.822649,1.000000,0.618199,1.378000
IFMKWV,83.905406,864-lib,0.000000,25.912141,1.000000,0.703932,1.873000
IFMKYL,42.182340,864-lib,8.930149,6.045376,2.000000,0.544483,1.481000
IFMKYV,63.307149,864-lib,13.328913,10.171399,3.000000,0.642079,1.616000
IFMNRL,22.795190,864-lib,6.890123,2.786938,3.000000,0.392444,1.427000
IFMNRV,68.718404,864-lib,0.816689,15.627903,2.000000,0.660700,1.726000
IPDKRL,183.330965,864-lib,0.000000,165.659570,1.000000,0.838579,1.677000
IPDKWL,97.893363,864-lib,1.743908,26.487837,3.000000,0.735027,1.681000
IPDKWV,103.395820,864-lib,40.273619,20.355772,3.000000,0.745540,1.621000
IPDKYL,118.960201,864-lib,7.210826,29.917557,3.000000,0.771216,1.614000
IPDKYV,162.073022,864-lib,76.339835,106.818104,3.000000,0.821192,1.593000
IPDNRL,136.849431,864-lib,0.000000,55.243051,1.000000,0.794992,1.228000
IPDNRV,235.998108,864-lib,0.000000,188.296946,1.000000,0.869917,1.474000
IPGKWL,126.204686,864-lib,26.844212,56.011583,3.000000,0.781479,1.337000
IPGKWV,115.607031,864-lib,0.000000,33.129931,1.000000,0.766132,1.320000
IPMKRV,167.902811,864-lib,16.934866,115.195521,2.000000,0.826323,1.236000
IPMKWL,152.446336,864-lib,11.856248,78.350103,3.000000,0.812024,1.553000
IPMKWV,101.640522,864-lib,14.125961,29.510679,3.000000,0.742278,1.605000
IPMKYL,84.815695,864-lib,14.597313,23.208591,3.000000,0.706175,1.493000
IPMKYV,199.722969,864-lib,17.452361,87.117911,3.000000,0.849838,1.648000
IPMNRL,106.567219,864-lib,23.259000,41.073295,2.000000,0.751229,1.348000
IQDKWL,43.343461,864-lib,2.307990,4.829903,3.000000,0.551209,1.763000
IQDKWV,90.896877,864-lib,95.266550,18.627553,3.000000,0.720335,1.821000
IQDKYL,57.654389,864-lib,7.436662,9.069821,3.000000,0.620311,1.354000
IQDKYV,186.763852,864-lib,0.000000,68.990412,1.000000,0.841075,1.655000
IQGKRL,139.330351,864-lib,0.000000,62.560977,1.000000,0.797904,1.294000
IQGKWV,109.523725,864-lib,9.695272,25.281223,3.000000,0.756308,1.691000
IQGKYL,90.472539,864-lib,19.858884,18.425878,3.000000,0.719392,1.284000
IQGKYV,290.611506,864-lib,0.000000,192.776998,1.000000,0.891716,1.429000
IQGNRL,263.983802,864-lib,0.000000,270.579427,1.000000,0.882081,0.875000
IQGNWL,80.714745,864-lib,1.328862,42.841486,2.000000,0.695788,1.580000
IQMKWL,51.365768,864-lib,12.166470,8.271339,3.000000,0.592756,1.901000
IQMKWV,105.687910,864-lib,29.259699,25.733248,3.000000,0.749677,1.720000
IQMKYV,88.740572,864-lib,0.000000,27.416308,1.000000,0.715473,1.218000
IQMNRL,92.343270,864-lib,88.553782,29.557248,3.000000,0.723505,1.572000
IQMNWL,72.370046,864-lib,0.000000,49.790848,1.000000,0.672209,1.703000
SEDKRL,84.268584,864-lib,28.605208,14.909469,3.000000,0.704831,1.536000
SEDKRV,242.472488,864-lib,0.000000,161.950409,1.000000,0.872949,1.124000
SEDKWL,12.980444,864-lib,30.695803,0.828339,9.000000,0.268911,1.503000
SEDKWV,87.220489,864-lib,73.105245,13.885641,15.000000,0.711943,1.527000
SEDKYL,21.912831,864-lib,25.706455,1.773297,8.000000,0.383072,1.581000
SEDKYV,137.532840,864-lib,30.304916,47.627038,11.000000,0.795802,1.209000
SEDNRL,32.635456,864-lib,1.107848,10.489507,3.000000,0.480460,1.019000
SEDNWL,31.997139,864-lib,33.775257,7.259777,3.000000,0.475531,1.690000
SEDTRL,43.543311,864-lib,20.410325,21.637264,3.000000,0.552347,1.229000
SEDTWV,59.386645,864-lib,6.200342,15.100133,2.000000,0.627258,1.322000
SEDTYL,309.962316,864-lib,0.000000,248.567240,1.000000,0.897785,1.443000
SEGKWL,38.597197,864-lib,28.492191,3.909149,9.000000,0.522380,1.464000
SEGKWV,120.408908,864-lib,80.281258,30.598087,7.000000,0.773345,1.238000
SEGKYL,81.420629,864-lib,25.726891,8.325546,7.000000,0.697628,1.339000
SEGKYV,176.897881,864-lib,43.874050,78.739244,4.000000,0.833685,1.343000
SEGNRL,155.611185,864-lib,0.000000,189.809340,1.000000,0.815140,1.130000
SEGNWL,83.740510,864-lib,0.970608,30.570756,2.000000,0.703521,1.742000
SEMKRV,190.604940,864-lib,0.000000,75.344615,1.000000,0.843777,1.207000
SEMKWL,40.787737,864-lib,19.808223,4.144035,8.000000,0.536132,1.699000
SEMKWV,56.564253,864-lib,64.210805,7.860089,8.000000,0.615804,1.690000
SEMKYL,56.046394,864-lib,47.846591,6.683387,15.000000,0.613626,1.728000
SEMKYV,77.239737,864-lib,44.249595,19.173224,5.000000,0.686394,1.520000
SEMNRL,119.904410,864-lib,0.000000,44.353334,1.000000,0.772608,1.902000
SEMNWL,27.233560,864-lib,46.758690,11.587109,5.000000,0.435573,1.008000
SEMNYL,59.618006,864-lib,0.000000,15.323954,1.000000,0.628166,0.981000
SEMTRL,18.592252,864-lib,0.000000,3.120962,1.000000,0.345053,0.832000
SEMTWL,25.141126,864-lib,89.498019,8.893211,3.000000,0.416029,1.843000
SFDKRL,73.222338,864-lib,6.071373,12.569249,3.000000,0.674784,1.381000
SFDKRV,203.517841,864-lib,164.229575,96.271713,2.000000,0.852224,1.196000
SFDKWL,16.464506,864-lib,20.456371,1.051495,7.000000,0.318127,1.727000
SFDKWV,85.028708,864-lib,25.202160,9.932456,6.000000,0.706696,1.657000
SFDKYL,20.923138,864-lib,52.483896,1.784206,6.000000,0.372211,1.734000
SFDKYV,94.758745,864-lib,98.508466,18.605731,10.000000,0.728640,1.648000
SFDNRL,22.726826,864-lib,40.010728,2.399537,3.000000,0.391728,1.654000
SFDNWL,16.449163,864-lib,0.000000,3.766456,1.000000,0.317925,1.504000
SFDNWV,89.242631,864-lib,10.513400,32.539927,2.000000,0.716620,2.069000
SFDNYL,166.864318,864-lib,0.000000,124.706970,1.000000,0.825430,1.443000
SFDTRL,9.399574,864-lib,3.873465,1.540231,3.000000,0.210330,1.494000
SFDTRV,14.958788,864-lib,0.000000,1.915360,1.000000,0.297695,1.677000
SFDTWV,18.024332,864-lib,8.322554,2.783869,3.000000,0.338077,1.933000
SFDTYL,33.787677,864-lib,14.897684,11.413595,3.000000,0.489126,1.816000
SFGKRL,185.900613,864-lib,5.933158,89.530592,2.000000,0.840454,1.043000
SFGKWL,45.798303,864-lib,31.728410,5.770005,6.000000,0.564795,1.665000
SFGKWV,84.105016,864-lib,15.090878,12.361178,4.000000,0.704427,1.627000
SFGKYL,46.633634,864-lib,4.713391,6.377525,3.000000,0.569233,1.242000
SFGKYV,89.742447,864-lib,98.048588,18.034926,7.000000,0.717753,1.486000
SFGNRL,88.072601,864-lib,18.541202,14.510365,3.000000,0.713933,1.691000
SFGNRV,209.218538,864-lib,33.921939,109.050288,2.000000,0.855670,1.698000
SFGNWV,334.191328,864-lib,0.000000,354.617604,1.000000,0.904488,1.726000
SFGNYL,78.374657,864-lib,0.000000,36.501277,1.000000,0.689525,1.956000
SFGTRL,13.609226,864-lib,47.496016,1.877998,6.000000,0.278312,1.426000
SFGTRV,197.153513,864-lib,0.000000,133.753859,1.000000,0.848178,1.512000
SFGTWV,77.622664,864-lib,0.000000,38.921022,1.000000,0.687458,1.478000
SFMKRL,58.240235,864-lib,10.191823,10.570675,3.000000,0.622689,1.264000
SFMKRV,128.500582,864-lib,24.501532,43.235809,3.000000,0.784542,1.257000
SFMKWL,34.901078,864-lib,1.570138,4.403876,2.000000,0.497230,1.616000
SFMKWV,46.264260,864-lib,21.494802,4.773968,5.000000,0.567282,1.391000
SFMKYL,31.433700,864-lib,26.200874,4.021056,5.000000,0.471102,1.808000
SFMKYV,53.439434,864-lib,18.643897,8.157748,3.000000,0.602274,1.846000
SFMNRL,33.661829,864-lib,5.341451,4.255151,2.000000,0.488193,1.786000
SFMNRV,224.373130,864-lib,0.000000,110.064212,1.000000,0.864093,1.822000
SFMNWL,33.882044,864-lib,2.682517,18.151500,2.000000,0.489823,1.936000
SFMNYV,37.445176,864-lib,0.000000,7.263908,1.000000,0.514815,1.369000
SFMTRL,3.617632,864-lib,3.329770,0.712370,3.000000,0.092980,1.526000
SFMTRV,47.271435,864-lib,0.000000,8.913381,1.000000,0.572561,1.934000
SPDKRL,410.512812,864-lib,0.000000,422.071608,1.000000,0.920839,1.524000
SPDKRV,231.266581,864-lib,9.386141,107.150778,2.000000,0.867608,1.411000
SPDKWL,78.899160,864-lib,19.539030,14.149801,6.000000,0.690951,1.614000
SPDKWV,130.235649,864-lib,79.935371,31.418786,9.000000,0.786800,1.567000
SPDKYL,95.537933,864-lib,52.295489,18.780150,6.000000,0.730256,1.563000
SPDKYV,117.562191,864-lib,38.767876,36.773985,9.000000,0.769123,1.064000
SPDNRL,205.721343,864-lib,4.751952,149.168255,2.000000,0.853575,1.753000
SPDTRL,28.253684,864-lib,22.951679,4.938464,5.000000,0.444634,1.653000
SPDTYL,321.808288,864-lib,0.000000,312.468023,1.000000,0.901176,0.753000
SPGKRL,156.505778,864-lib,0.000000,91.663815,1.000000,0.816002,1.181000
SPGKWL,74.950756,864-lib,8.827118,12.714225,3.000000,0.679882,1.492000
SPGKWV,124.119214,864-lib,61.386179,33.579049,3.000000,0.778620,1.359000
SPGKYL,73.447061,864-lib,34.942283,13.893899,6.000000,0.675456,1.054000
SPGKYV,125.196457,864-lib,7.835427,28.439614,3.000000,0.780106,1.193000
SPGNRL,32.755841,864-lib,81.274098,14.256912,3.000000,0.481379,1.003000
SPMKWL,79.670263,864-lib,14.809015,13.440955,2.000000,0.693024,1.328000
SPMKWV,117.482372,864-lib,22.806636,22.295975,4.000000,0.769003,1.221000
SPMKYL,107.192780,864-lib,4.583996,30.351383,3.000000,0.752321,1.440000
SPMKYV,79.137417,864-lib,36.994950,15.556502,4.000000,0.691595,1.408000
SPMNRL,261.707923,864-lib,2.082688,160.672923,2.000000,0.881178,1.306000
SPMNWL,107.790436,864-lib,10.530965,45.582822,3.000000,0.753356,1.701000
SPMTRL,41.370393,864-lib,4.934044,7.547972,3.000000,0.539658,0.918000
SPMTWL,95.173790,864-lib,0.000000,66.782428,1.000000,0.729503,1.067000
SQDKRL,168.477409,864-lib,8.378984,101.918433,2.000000,0.826812,1.364000
SQDKRV,255.887746,864-lib,0.000000,264.752994,1.000000,0.878803,1.113000
SQDKWL,24.990232,864-lib,30.417308,2.036921,4.000000,0.414568,1.653000
SQDKWV,90.904781,864-lib,30.595439,17.311667,8.000000,0.720353,1.759000
SQDKYL,37.146348,864-lib,76.045986,4.283829,4.000000,0.512814,1.415000
SQDKYV,152.160416,864-lib,68.622601,58.376416,7.000000,0.811737,1.592000
SQDNRL,39.941315,864-lib,49.881036,14.094735,3.000000,0.530913,1.001000
SQGKRL,143.306308,864-lib,0.000000,100.442144,1.000000,0.802404,0.962000
SQGKWL,52.723681,864-lib,51.932115,6.017043,7.000000,0.599040,1.331000
SQGKWV,290.965268,864-lib,58.561291,169.957008,2.000000,0.891833,1.113000
SQGKYL,80.992496,864-lib,0.000000,12.571454,1.000000,0.696515,1.459000
SQGKYV,95.603484,864-lib,0.000000,20.207849,1.000000,0.730391,1.336000
SQMKRL,93.962611,864-lib,0.000000,17.938656,1.000000,0.726969,1.105000
SQMKRV,98.265337,864-lib,0.000000,23.194703,1.000000,0.735765,1.052000
SQMKWL,76.254949,864-lib,0.000000,14.495174,1.000000,0.683625,1.509000
SQMKWV,44.155675,864-lib,38.808818,3.435698,5.000000,0.555797,1.369000
SQMKYL,74.680378,864-lib,59.185231,12.511363,11.000000,0.679095,1.609000
SQMKYV,29.809630,864-lib,11.138177,3.506023,5.000000,0.457908,0.959000
SQMNWL,56.312482,864-lib,10.867170,16.606436,4.000000,0.614748,1.714000
SQMTRL,37.804432,864-lib,0.000000,15.573657,1.000000,0.517200,1.525000
SQMTWL,47.209379,864-lib,18.151942,19.244787,3.000000,0.572239,1.824000
